osm_name,operator_ref,lat,lon,nbs_booth,booth_node_id
Auxerre Nord,19,47.8516154,3.5486952,2,"[126217, 255936638]"
Voreppe Barrière,3087,45.2831859,5.6216873,2,"[126236, 136834]"
Péage de Vienne,Péage de Vienne,45.4761176,4.8330663,4,"[130368, 13397120, 12288199204, 12752375307]"
Moirans,3084,45.3200799,5.6075430,2,"[137090, 258027361]"
Tullins,3095,45.2870178,5.5218684,2,"[137232, 36715162]"
Phalsbourg,43,48.7721050,7.2405277,2,"[142268, 30841803]"
Ambérieu-en-Buguey,8,45.9776792,5.3125990,2,"[142831, 36534628]"
Les Abrets,3006,45.5713824,5.6041018,2,"[142940, 623483095]"
Saint Exupéry,3070,45.6727252,5.0514167,2,"[143224, 18168123]"
Saint-Quentin-Fal. Barrière,3001,45.6483669,5.1200573,2,"[143255, 143256]"
Beynost,Beynost,45.8206664,4.9939405,2,"[143584, 21670932]"
Péage de La Boisse,Péage de La Boisse,45.8277301,5.0326389,3,"[143602, 18169277, 1405960889]"
Senlis,8,49.2114247,2.6185551,4,"[144772, 32212303, 2120513424, 2120513425]"
Avignon Nord,23,43.9820509,4.8884123,2,"[154427, 1674101568]"
Avignon Sud,24,43.8929306,4.9158159,2,"[154642, 21617587]"
Antibes,44,43.6035791,7.0764544,7,"[274043, 25315120, 25689722, 25690550, 26024647, 26024947, 624029461]"
Péage Cluses Amont,19,46.0468143,6.5965495,2,"[494766, 26120065]"
Saint-Martin-Bellevue,,45.9897553,6.1277404,4,"[505680, 505681, 332477934, 332477935]"
Le Crozet,3041,45.0454854,5.6787994,2,"[565902, 26660567]"
UNKNOWN,,44.5933838,4.7167032,361,"[618833, 12165369, 25946139, 26517916, 29655890, 60937801, 60937811, 61730428, 137501371, 149534898, 243793625, 251397593, 257077649, 257077660, 271678308, 289743052, 295539220, 296901754, 307379332, 321269249, 338381613, 338381669, 346370003, 390961007, 434561998, 434562013, 438084278, 438084297, 460274603, 524691689, 545915071, 598948588, 602281214, 604986702, 659426619, 699628081, 771180846, 791949259, 791949343, 860108802, 959448851, 960150230, 1018521875, 1020314736, 1092266692, 1108372774, 1149383733, 1194640345, 1200571098, 1238723845, 1249619019, 1249619020, 1281886638, 1281886642, 1281886677, 1281886693, 1281886718, 1281886785, 1281886815, 1281886823, 1281886883, 1281886887, 1303743477, 1303744148, 1309963916, 1332599230, 1366342513, 1418724144, 1418724152, 1419318990, 1419318992, 1419319046, 1428908290, 1428934879, 1496631027, 1527367208, 1591529758, 1591529760, 1639024124, 1644986034, 1654390832, 1654430599, 1654430648, 1656496407, 1684033015, 1684033019, 1684033035, 1708831064, 1723771313, 1723771318, 1755079076, 1759695724, 1770022614, 1770022660, 1770022712, 1779012521, 1813964077, 1820191052, 1821092889, 1821097804, 1838605578, 1859487754, 1870060827, 1917381274, 1925340503, 1943181722, 2023925946, 2023925949, 2023925954, 2023925956, 2054692047, 2061501496, 2077633382, 2079715523, 2080063160, 2085509898, 2093963887, 2093963931, 2106396283, 2149125382, 2218646690, 2218646703, 2229571895, 2303763541, 2367470841, 2367470842, 2367470843, 2367470844, 2367470845, 2381250541, 2395197670, 2396153870, 2396470862, 2426751272, 2435368672, 2462844860, 2585053510, 2630950463, 2644535526, 2778250320, 2799117418, 2799117422, 2835769077, 2835769269, 2922627877, 2922627880, 2922627882, 2922629233, 2922629234, 2922629236, 2954222749, 3038463983, 3105568808, 3122647998, 3228114111, 3228114112, 3228114113, 3228114114, 3228114115, 3228114116, 3228114117, 3228114118, 3228114119, 3228114120, 3228114121, 3228114122, 3294555828, 3343894806, 3343922931, 3391513040, 3515287129, 3646349368, 3646349373, 3646349374, 3646349376, 3646349377, 3646349381, 3709133147, 4017011990, 4059506926, 4065970301, 4071905886, 4159823901, 4163758850, 4200516989, 4200516990, 4200516991, 4200516992, 4202270358, 4202270794, 4228016427, 4237137148, 4270273253, 4374872086, 4455279706, 4589610050, 4598457143, 4598460944, 4601302704, 4623998828, 4705551576, 4705551577, 4985000837, 4985000840, 4985000841, 4990076785, 4990076786, 4990076787, 4990076798, 4990076799, 4990076800, 4990076801, 4990076802, 5139109141, 5180082593, 5418709906, 5501715015, 5501715021, 5600399656, 5741237620, 5827497395, 5923857315, 6005228030, 6166059332, 6166059334, 6255495562, 6268700142, 6353152997, 6447410686, 6447410687, 6477585020, 6541106559, 6541106573, 6541106575, 6609096129, 7001276019, 7001276033, 7140787470, 7140787476, 7140787478, 7140787484, 7151214073, 7151214085, 7160402871, 7551873703, 7551873707, 7551873710, 7551873715, 7551873727, 7551873729, 7551873732, 7551873734, 7551873745, 7551873747, 7551873755, 7551873758, 7551873769, 7551873770, 7795369636, 7869024247, 7903274024, 8021721098, 8289119810, 8600312530, 8600312531, 8626711989, 8626711992, 8626711994, 8669015908, 8693527031, 8747388861, 8747388867, 8747388868, 8747388869, 8747388870, 8888343334, 9070540301, 9119805195, 9155793461, 9197871088, 9241239986, 9325006464, 9398558890, 9484428889, 9569483918, 9576078622, 9597189626, 9631535647, 9631535650, 9787444230, 9874280811, 9874280815, 9893188259, 9893188262, 9897438405, 9944293429, 9968532882, 10029321800, 10135846069, 10135846070, 10159648010, 10202403261, 10241846495, 10307571023, 10860431951, 10914076130, 11171616792, 11247006846, 11247006847, 11264488107, 11273906167, 11278616066, 11278616067, 11343377116, 11367218472, 11403978792, 11403978793, 11404182183, 11404183313, 11404183314, 11473312148, 11473312152, 11473312160, 11473312165, 11503846024, 11503846025, 11503846026, 11503846027, 11503846028, 11503846029, 11503846030, 11503846031, 11503846032, 11503846033, 11930845128, 11985598015, 12059005573, 12118516946, 12134121004, 12161076396, 12298881387, 12298881388, 12298881390, 12422948937, 12422948938, 12422948939, 12754267128, 12920815564, 12957804484, 13017363418, 13110997340, 13114756898, 13128982756, 13435370996, 13441887363, 13463722346, 13472172470, 13483550672, 13483550673, 13483552219, 13483552220]"
Sames,Sames,43.5297063,-1.1868429,2,"[630216, 2341285897]"
Loriol,16,44.7568490,4.7912697,2,"[650878, 26538223]"
Valence Sud,15,44.9049476,4.8801182,2,"[655887, 655992]"
Valence Nord,14,44.9701995,4.8875504,2,"[656078, 14961149]"
Montélimar Sud,18,44.4813385,4.7635161,2,"[656776, 14960992]"
Orange Centre,21,44.1353197,4.7956315,8,"[656795, 448451541, 8394070485, 8394070486, 8394070487, 8394070488, 8394070489, 8394070490]"
Chatuzange Barrière,3091,45.0259152,5.0969532,2,"[809154, 810324]"
Clermont Barrière,Clermont Barrière,45.8413126,3.1610281,2,"[2015469, 26188874]"
Péage des Martres-d'Artière,Péage des Martres-d'Artière,45.8279708,3.2411609,2,"[2087934, 28126222]"
Péage de Baillargues,Péage de Baillargues,43.6708729,4.0126478,2,"[5555732, 5555734]"
Péage de Toulouse Est,Péage-de-Toulouse Est,43.6473594,1.5077254,2,"[6563692, 345188803]"
Saint-Jean-de-Védas,Saint-Jean-de-Védas,43.5617904,3.8301934,2,"[8980695, 2399140585]"
Péage de Toulouse Sud Est,Péage de Toulouse Sud Est,43.5455566,1.5004396,2,"[9928578, 381250374]"
Péage de Toulouse Sud Ouest,Péage de Toulouse Sud Ouest,43.5453086,1.5000225,2,"[10467044, 2887199669]"
Barrière de péage de Saint-Avold,37,49.1360119,6.7016294,2,"[10468685, 10536211]"
Carcassonne Ouest,23,43.1998981,2.3100831,2,"[10471875, 885163176]"
Castelnaudary,21,43.2907822,1.9467450,2,"[11003786, 417133980]"
Aubagne,35,43.3242362,5.5982817,2,"[12155715, 12169103]"
Gare de Péage de la Barque,32,43.4831047,5.5398614,2,"[12162783, 259973397]"
Crolles Barrière,3021,45.2717703,5.9007427,2,"[12536314, 12536316]"
Chambéry Nord,3008,45.6024284,5.8867608,23,"[12608140, 12608143, 2408917631, 2408917632, 2408917633, 2408917634, 2408917635, 2408917636, 2408917637, 2408917638, 2408917639, 2408917640, 2408917641, 2408917642, 2408917643, 2408917644, 2408917645, 2408917646, 2408917647, 2408917648, 2408917649, 2408917650, 2408917651]"
Chignin Barrière,3026,45.5126775,6.0022092,3,"[12610219, 12610220, 4460945394]"
Mâcon Sud,29,46.2830087,4.7928327,2,"[13380042, 13380044]"
Tain,13,45.0684081,4.8684133,2,"[13382945, 15553152]"
Sainte-Hélène-Barrière,3034,45.6199212,6.3119232,2,"[13561190, 15809877]"
Péage de Saint-Maurice,Péage de Saint-Maurice,47.4253686,6.6711249,2,"[13835106, 36304281]"
Péage de Dijon-Crimolois,Péage de Dijon-Crimolois,47.2769114,5.1379222,2,"[13835994, 24922276]"
La Tour-du-Pin,3005,45.5618738,5.4288421,2,"[13871528, 13871529]"
Rives,3085,45.3840979,5.4730239,2,"[13871640, 14638934]"
Saint-Marcellin,3093,45.1382768,5.3261599,4,"[13871876, 21561471, 9247767305, 9247767306]"
Carcassonne Est,24,43.2020227,2.4181660,2,"[14790565, 409788423]"
Bollène,19,44.2902627,4.7509278,2,"[14798007, 14798008]"
Montélimar Nord,17,44.6689369,4.7949641,2,"[14798265, 14798276]"
La Baume d'Hostun,3092,45.0646330,5.2080027,2,"[15861717, 29789322]"
Chanas,12,45.3211595,4.8098547,2,"[16567653, 28128388]"
Groissiat,Groissiat,46.2237181,5.6140918,7,"[18267636, 18267637, 9247763979, 9247763980, 9247763981, 9247763982, 9247763993]"
L'Isle-d'Abeau Centre,3003,45.6051030,5.2344726,2,"[19224143, 267571099]"
Vinay,3094,45.1994862,5.4194090,2,"[21032382, 25452344]"
Sainte-Marie-de-Cuines,051,45.3460087,6.3055052,2,"[21032868, 21032874]"
Péage d'Arveyres,Péage d'Arveyres,44.8851487,-0.2686080,2,"[21465992, 249778842]"
Sainte Menehould,29,49.0763749,4.8837392,2,"[21528882, 310301329]"
Condrieu,10,45.5055132,4.8406636,2,"[21562312, 635290239]"
Péage de Viry,Péage de Viry,46.1200143,6.0095423,2,"[21700511, 21700610]"
Bourg Nord,5,46.2599489,5.1669614,2,"[21760589, 652123095]"
Péage de Setques,Péage de Setques,50.7191499,2.1726250,2,"[23059466, 23059471]"
Péage de Courcy,Péage de Courcy,49.3220770,3.9839641,2,"[23197167, 23197169]"
Péage de Reims Est,Péage de Reims Est,49.2115374,4.0785028,2,"[23217938, 23217941]"
Coutevroult,15,48.8537293,2.8383486,2,"[25196607, 264140281]"
Nice Saint-Isidore,52,43.7037083,7.1898065,6,"[25315142, 36263019, 259980982, 1258762106, 4423580255, 4423580256]"
Le Capitou,38,43.4688401,6.7292223,2,"[25415070, 60247058]"
Aiton,3033,45.5559554,6.2481429,2,"[25631385, 27087837]"
Balan,6,45.8510120,5.0994272,5,"[25783301, 774739116, 2422255483, 2422255492, 2422255497]"
Bourg Sud,7,46.1456922,5.2862738,2,"[25946087, 317802090]"
Péage du Bignon,Péage-du-Bignon,47.1147220,-1.4919985,2,"[25959136, 25959780]"
Allonzier,3014,45.9897608,6.1277756,2,"[26085850, 291392948]"
Gerzat Ville,14,45.8419673,3.1608014,4,"[26189019, 360688779, 376962116, 376962319]"
Péage de Saint-Arnoult,Péage de Saint-Arnoult,48.5536289,1.9303383,5,"[26209736, 26210039, 4127019592, 4127019613, 8394699087]"
Orléans Nord,14,47.9495887,1.8546514,2,"[26209874, 26210037]"
Artenay,13,48.0841897,1.8557181,2,"[26228454, 26228469]"
Montmarault,11,46.3276582,2.9663511,2,"[26265393, 239563333]"
Vierzon Nord,5,47.2438063,2.0644035,2,"[26265822, 482593907]"
Cavaillon,25,43.8199281,5.0278555,2,"[26404247, 26404271]"
Péage de Lançon,Péage de Lançon,43.5937043,5.1747436,2,"[26410395, 26410440]"
Montaigu,4,46.9594945,-1.3530450,8,"[26589771, 275329462, 4003307027, 4003307028, 4003307029, 4003307031, 4003307032, 4404266838]"
Montmélian,3031,45.4949937,6.0575949,2,"[27086904, 411797121]"
Voiron,3086,45.3475490,5.5664029,2,"[27174404, 27174434]"
Crolles-Brignoud,3022,45.2717910,5.9006900,2,"[27297173, 27297216]"
Péage de Dijon Sud,Péage de Dijon Sud,47.2612255,5.0333664,3,"[27509156, 27509158, 31415199]"
Alençon Nord,18,48.4530431,0.1240957,2,"[28025816, 5617171486]"
Selles-sur-Cher,13,47.3246739,1.5001828,2,"[28099229, 28121110]"
Péage de Saint-Germain-les-Vergnes,Péage de Saint-Germain-les-Vergnes,45.2839317,1.6171681,2,"[28126039, 28126040]"
Péage de Veauchette,Péage de Veauchette,45.5606870,4.2418185,2,"[28126748, 28126751]"
Mansac-Terrasson,18,45.1525541,1.3782132,2,"[28195303, 28195335]"
Avallon,22,47.5093282,3.9920680,2,"[28868612, 28868623]"
Péage de Pouilly-en-Auxois,Péage de Pouilly-en-Auxois,47.2524848,4.5611717,2,"[28868663, 58805387]"
Ury,14,48.3386340,2.5954312,2,"[28870546, 28870547]"
Péage de Schwindratzheim,Péage de Schwindratzheim,48.7696868,7.6020109,2,"[29761117, 29761118]"
Péage de Loupershouse,,49.0754120,6.8966260,2,"[29763066, 29763067]"
Péage de Quetteville,Péage de Quetteville,49.3220443,0.3079899,5,"[30438237, 1592237878, 1592237881, 12132026571, 12132026580]"
Eloise,11,46.0651600,5.8639647,2,"[30781582, 410245598]"
Péage de Beaumont,Péage de Beaumont,49.1990129,5.9242368,2,"[30801937, 150873766]"
Châlons en Champagne-La Veuve,24,49.0428396,4.3217468,4,"[30813498, 1871925918, 3149727734, 3149752422]"
Aix Nord,3010,45.7161491,5.9221560,6,"[30904133, 4423736545, 7190727963, 7190727964, 7190727965, 7190727966]"
Saverne,44,48.7617872,7.3901158,2,"[30923142, 8554613606]"
Péage de Fresnes,Péage de Fresnes,50.3251351,2.9114529,2,"[31004566, 270684525]"
Bonneville Ouest,16,46.0732530,6.3825455,2,"[31052799, 61956517]"
Arras Est,15,50.2693557,2.8639145,2,"[32213712, 1269194826]"
Péage de Dury,Péage de Dury,49.8536130,2.2493820,2,"[32425386, 241054650]"
Péage d'Haudricourt,12,49.7595881,1.7027622,2,"[32628291, 270376590]"
L'isle-sur-le-Doubs,6,47.4125179,6.5856079,2,"[32699885, 32699891]"
Bourges,7,47.0448918,2.3417968,2,"[33148650, 2095595179]"
Péage de Thun l'Évêque,Péage de Thun l'Évêque,50.2293528,3.2720022,2,"[34562273, 34562274]"
Montbrison-Montrond,7,45.6373059,4.1960802,2,"[34720192, 36129702]"
Le Touvet,3023,45.3474721,5.9636052,2,"[35340135, 298941861]"
Val-de-Loing-Souppes,17,48.1763227,2.7668025,2,"[35665218, 35665220]"
Péage de Fleury-en-Bière,Péage de Fleury-en-Bière,48.4266295,2.5401807,3,"[35675144, 1801078049, 1883772392]"
Perpignan Sud,42,42.6667471,2.8590489,2,"[35926132, 35926646]"
Toulouse Nord Ouest,Toulouse Nord Ouest,43.6580892,1.4271185,2,"[36129805, 253943275]"
Saint-Selve,Saint-Selve,44.6591839,-0.4540608,2,"[36130695, 36133303]"
Aiguebelette,3007,45.5768820,5.7992485,2,"[36675385, 267138475]"
Bourgoin,3004,45.5822626,5.3002391,2,"[36713429, 261946952]"
Péage du Perthus,Péage du Perthus,42.5277363,2.8214730,2,"[36967326, 36967365]"
Myennes,Myennes,47.4373764,2.9406583,2,"[48837113, 48842745]"
Péage de La Gravelle,Péage de La Gravelle,48.0828379,-1.0276084,2,"[49362760, 49362776]"
Ancenis,20,47.4008121,-1.1943108,7,"[50698281, 331944036, 1157608675, 2463694844, 2463694870, 6279355554, 6279355555]"
Gannat,Gannat,46.0980771,3.1356526,2,"[50771124, 429833002]"
Amiens Ouest,19,49.8918216,2.2383655,2,"[54774589, 9063255096]"
Péage de Tours centre Saint-Christophe,Péage de Tours centre Saint-Christophe,47.6382202,0.4967952,2,"[55149606, 55394714]"
Auvours,23,48.0046451,0.3124879,2,"[55440641, 275169751]"
Le Mans Ouest,8,48.0217292,0.1273963,5,"[57018993, 264386251, 8458461696, 8458461699, 8458461702]"
Parigné-l’Évêque,24,47.9556467,0.3202046,2,"[57345005, 60941644]"
Le-Mans-ZI-Nord,7,48.0503760,0.1739762,7,"[57565041, 244893345, 8525739242, 8525739243, 8525739244, 8525739245, 8525739246]"
Nuits-Saint-Georges,1,47.1309722,4.9672925,2,"[57760493, 279441849]"
Romorantin,14,47.3245608,1.7656674,2,"[58917023, 1902659897]"
Péage de Gignac,Péage de Gignac,44.9907475,1.5265818,2,"[60078772, 378374878]"
Péage de Montauban Nord,Péage de Montauban Nord,44.0524498,1.4101071,4,"[60079493, 272877809, 9083206948, 9083206949]"
Puget-sur-Argens,37,43.4569484,6.6895438,2,"[60178994, 60179013]"
Fréjus,38,43.4704413,6.7362855,4,"[60180044, 60180233, 259977190, 259977198]"
Hermillon,052,45.2989217,6.3552921,2,"[60305316, 82502276]"
Chignin Bretelle,3027,45.5112648,6.0045729,2,"[60314514, 4423761565]"
Chignin Les Marches,3025,45.5090272,6.0062545,2,"[60314536, 429600582]"
Tours nord,19,47.4523514,0.7393106,2,"[60944604, 303085665]"
Péage de Muret,Péage de Muret,43.5054620,1.3520299,2,"[61101216, 61101218]"
Esvres,10,47.3071705,0.7960772,1,[61275307]
Chambray,23,47.3491372,0.7036606,4,"[61669918, 254011685, 353171282, 726458210]"
Le Mans Sud,9,47.9737203,0.0575183,2,"[73963126, 7181036266]"
Broglie-Orbec,15,49.0344273,0.4432192,2,"[81055576, 1042834566]"
Noirétable,31,45.8493579,3.7942361,1,[82222593]
Pont-d'Ain,9,46.0481257,5.3278855,1,[84428307]
Tours centre sorigny,Tours centre sorigny,47.2184644,0.6576566,3,"[85698610, 726432887, 8274123701]"
Blois,17,47.6215008,1.3464557,2,"[95914543, 3722209738]"
La Côte Picarde,24,50.2544211,1.7467016,2,"[97729391, 2847657921]"
Joué-en-Charnie,1,48.0043802,-0.2173331,2,"[98322556, 98322557]"
Péage de Scionzier,18,46.0683173,6.5537188,2,"[99046298, 6437936721]"
Epretot,Epretot,49.5517655,0.3353443,2,"[99454381, 719474972]"
Sète,33,43.4775255,3.6851276,2,"[100086450, 100087287]"
Bourgueil,5,47.2532013,0.1665910,2,"[101480497, 297326241]"
Péage de Restigné,Péage de Restigné,47.2702961,0.2538241,2,"[101497372, 101497519]"
Lunel,27,43.7027498,4.1197187,2,"[102968315, 102968801]"
Gallargues,26,43.7229495,4.1810614,2,"[103579675, 103585422]"
Nîmes Ouest,25,43.8137306,4.3429068,2,"[104513274, 104513419]"
Nîmes Est,24,43.8560961,4.4205760,2,"[104534425, 3230734317]"
Méru,13,49.2105566,2.1504432,2,"[122212229, 288926127]"
Auberives Nord-Sud,11.1,45.3898018,4.8053591,1,[130221205]
Chatillon-La Borde,16,48.5422046,2.7975037,2,"[131854822, 261058618]"
Joigny,18,47.9383172,3.2440930,4,"[140090191, 247389529, 1430770870, 1825795624]"
Toulouse Nord Est,Toulouse Nord Est,43.6581766,1.4273380,2,"[146207158, 146207162]"
Sainte-Marie-aux-Chênes,32,49.1939622,5.9895963,2,"[150591312, 150605254]"
Genay,Genay,45.9003691,4.8193610,2,"[173269453, 173269485]"
Agde-Pézenas,34,43.3740078,3.4178920,2,"[179459179, 335854857]"
Saint-Amand-Montrond,8,46.7220021,2.4583168,1,[190755700]
Luigny,4,48.2345952,1.0331397,1,[197118807]
Péage de Bersaillin,Péage de Bersaillin,46.8492838,5.5745067,2,"[207278408, 664688045]"
Mâcon Nord,28,46.3659660,4.8393236,2,"[211276424, 258934071]"
Tournus,27,46.5790969,4.9011715,2,"[211475830, 258942957]"
Fontaine Larivière,Fontaine Larivière,47.6759680,6.9817416,2,"[215113118, 215113122]"
Bléré,11,47.2864836,0.9844652,2,"[228863617, 2105191531]"
Replonges,3,46.3007801,4.8957548,2,"[228876004, 1597432903]"
Verdun,31,49.1109692,5.4138552,1,[230233305]
Porte de Chevilly-Larue,,48.7632862,2.3458629,1,[241536033]
Dordives,Dordives,48.1724553,2.7661741,2,"[242800246, 242800358]"
Aire-sur-la-Lys,4,50.6682431,2.2561597,2,"[242826082, 8951761695]"
Saint-Quentin-Fal. Bretelle,3002,45.6485100,5.1201314,2,"[243072571, 302229238]"
Mont-Choisy,18,48.9107120,4.2881712,2,"[243198059, 1575767382]"
Langres Nord,7,47.9351554,5.2867691,2,"[243763172, 1054674013]"
Beaune Sud,24.1,47.0024231,4.8547961,3,"[245806764, 289537452, 5741047101]"
Sénas,26,43.7420819,5.0898154,2,"[246011442, 246213575]"
Allaines,12,48.2053090,1.8459556,2,"[247189294, 303811524]"
Val-de-Loing Barrière,17,48.1763308,2.7668822,2,"[247393077, 247393080]"
Le Tourneau,Le Tourneau,47.9929422,2.6775813,2,"[247393144, 247393204]"
Monaco,56,43.7450527,7.3726415,2,"[247692673, 247692786]"
Villeneuve-Loubet-Cagnes Ouest,ESCOTA,43.6480402,7.1390694,1,[247858828]
Nailloux,1,43.3824192,1.6168325,2,"[247949075, 247949087]"
Fécamp,8,49.6324469,0.6400228,2,"[248706668, 938388636]"
Péage du Roumois,Péage du Roumois,49.3539593,0.8350875,2,"[248868492, 248869003]"
Le Muy,36,43.4607624,6.5509390,2,"[249132733, 259977064]"
Labastide-Murat,56,44.6981278,1.5805783,1,[249181379]
Vivy-Saumur,3,47.3105710,-0.0317123,7,"[249798721, 482956516, 12880598967, 12880598968, 12880598969, 12880598970, 12880598971]"
Orléans Centre,1,47.8982384,1.8531879,3,"[250286697, 393454821, 11101216886]"
Monts-sorigny,24.1,47.2544968,0.6709183,2,"[252013420, 1503669865]"
La Ciotat,9,43.2036472,5.5926289,4,"[252927026, 252927030, 252927227, 252927397]"
Auriol,Auriol,43.3669635,5.6439767,2,"[252948832, 252949501]"
Agen,7,44.1650334,0.6056288,2,"[253945696, 1450618855]"
Saintes,35,45.7523174,-0.6639451,2,"[253948577, 253948654]"
Sainte-Hermine,7,46.5335213,-1.0791804,7,"[253951327, 279217617, 4001244528, 4001244529, 4001244530, 4001244531, 4001244532]"
Chartres-Thivars,3,48.3634354,1.4443260,4,"[254662308, 1375532385, 1375532386, 1560431421]"
Saint-Jean-de-Luz Sud,2,43.3719502,-1.6763524,2,"[255022590, 1690642278]"
Canet de Meyreuil,32,43.4946731,5.5250476,2,"[255120171, 255120346]"
Péage de Pamiers,Péage de Pamiers,43.1541446,1.6158718,2,"[255871598, 762433556]"
Villefranche Nord,31.1,46.0223536,4.7220235,2,"[256748954, 290195298]"
Mussidan Sud,13,45.0107553,0.3774855,2,"[257152241, 504607734]"
Saint-Genix-sur-Guiers,3061,45.5727704,5.6591386,1,[257784733]
Sarreguemines,41,49.0448224,7.0287816,2,"[259003448, 1041328348]"
Saint-Jean-les-Deux-Jumeaux,18,48.9523886,3.0390884,3,"[259083764, 4421111789, 4421111790]"
Péage de Corzé-Angers,Péage de Corzé-Angers,47.5393628,-0.3410345,4,"[259093186, 1157490221, 1157490222, 1157490224]"
Coudoux,28,43.5523405,5.2383307,3,"[259970703, 259970749, 10616130411]"
Courtenay,17,48.0597651,3.0952651,2,"[260171882, 1820928798]"
Chesnes,3071,45.6556504,5.0979386,2,"[260490708, 260490725]"
Castelsarrasin,9,44.0557632,1.0973520,3,"[261761245, 513660073, 513660085]"
Péage de Jules Verne,Péage de Jules Verne,49.8590510,2.3968010,2,"[262861318, 3836267226]"
Chartres Est,2,48.4551129,1.5391447,4,"[264064866, 1375535641, 1375535646, 1375535663]"
Saint-Gibrien,17,48.9735998,4.2886495,2,"[264756447, 1042719181]"
Laval Est,3,48.1076995,-0.7384822,3,"[264788441, 275173451, 4876868264]"
Albert,13.1,49.9656825,2.8632864,2,"[264993278, 1200494231]"
Saint-Michel-Barrière,056,45.2185643,6.4597601,10,"[267165980, 267166028, 1154852457, 5923855978, 5923857296, 5923857297, 5923857298, 5923857299, 5923857300, 5923857301]"
Péage de Beaulieu-sur-Layon,Péage-de-Beaulieu-sur-Layon,47.3263959,-0.6040156,2,"[267167000, 274207796]"
Argentan,Argentan,48.6328851,0.1909656,2,"[268212668, 268212669]"
Sées,17,48.6352041,0.1871255,5,"[270111794, 270111802, 1260038730, 2508032317, 4357543559]"
Aumale,12,49.7583523,1.6994479,4,"[270355986, 289611179, 1433638219, 3372819625]"
Bapaume,14,50.1041936,2.8678414,2,"[270370119, 3376518340]"
Futuroscope,28,46.6701286,0.3599572,2,"[270647374, 2630513392]"
Péronne-Vallée de la Somme,13,49.8769736,2.8397676,1,[270671520]
Tarbes Est,13,43.2137336,0.1083677,2,"[272505901, 388295686]"
Saint-Paul-lès-Durance,17,43.7025533,5.7346613,2,"[273224399, 383210589]"
Langon,3,44.5443191,-0.2620828,2,"[276335332, 276335747]"
Belleville-Sur-Saône,30,46.1038175,4.7502931,2,"[276599460, 392059515]"
Orange Sud,22,44.1109575,4.8452452,2,"[277281847, 8349621741]"
La Rochelle-Niort Sud,33,46.2441045,-0.4606127,8,"[277398779, 5242792759, 5242792767, 5540214860, 5540214861, 5540214862, 5540214863, 5540214864]"
Orange nord,20,44.1642263,4.7645828,1,[277451985]
Péage de Lestelle,Péage de Lestelle,43.1195337,0.8947521,3,"[277617392, 277910939, 290614344]"
Saint-Gaudens,18,43.1156846,0.7566067,1,[277820265]
Les Essarts,5,46.7903968,-1.1946328,6,"[279128148, 824250288, 4003306365, 4003306366, 4003306367, 4422608089]"
Saint-Pierre-d'Albigny,3032Saint-Pierre-d'Albigny,45.5488777,6.1599137,2,"[279140830, 412092432]"
Fontenay Centre,8,46.4359963,-0.8214534,5,"[279217857, 4001244320, 4001244321, 4001244322, 4001244323]"
Beaune Nord,24,47.0419741,4.8506230,2,"[279341406, 711774392]"
Péage de Biriatou,Péage de Biriatou,43.3411150,-1.7495127,2,"[280351090, 2950398495]"
Etaples-Le Touquet,26,50.5068358,1.6797916,2,"[280985131, 302017374]"
Montrejeau,17,43.1001591,0.5953613,2,"[281410101, 1561101896]"
Poitiers Nord,29,46.6215062,0.3437828,1,[282069502]
Écommoy,25,47.8203700,0.3016977,1,[282351799]
Thiers Est,30,45.8787911,3.6248586,2,"[285818973, 4422919911]"
Lezoux,28,45.8485714,3.3836160,2,"[285839327, 295028548]"
Souillac,55,44.9006891,1.5043301,2,"[286851357, 2155986155]"
Laval Ouest,4,48.1045802,-0.8343026,2,"[287697090, 2782616479]"
Saint-Julien-Sancy,25,45.6663047,2.6824524,2,"[288149616, 444805506]"
La Réole,4,44.5114169,-0.0495015,2,"[288894155, 1451196227]"
Péage d'Amblainville,Péage d'Amblainville,49.2052597,2.1690154,2,"[288919698, 288919803]"
Marmande,5,44.4347709,0.1328803,2,"[288922361, 1451223683]"
Hardivilliers,16,49.6096434,2.2043514,2,"[288947708, 340075349]"
Pontcharra,3024,45.4258536,5.9951768,2,"[289258237, 289258239]"
Pourrières,33,43.4785938,5.7563416,2,"[289381861, 1146528641]"
Bierre-lès-Semur,23,47.4365874,4.3094972,2,"[289537324, 289537367]"
Chalon Sud,26,46.7547680,4.8331365,8,"[289537479, 720744291, 2385481454, 2385481455, 2385481456, 2385481457, 2385483658, 2385483659]"
Bulgneville,9,48.2157812,5.8325029,1,[289635259]
Sisteron Sud,22,44.1716779,5.9554018,4,"[289883367, 571659009, 8130071901, 8130071910]"
Seiches-sur-Le-Loir,12,47.5664551,-0.3279756,2,"[290812844, 7171485717]"
La Saulce,24,44.4403964,6.0287691,11,"[290864784, 310948831, 8089432206, 8089432214, 8089493919, 8089493926, 8089493931, 8089493937, 8089493943, 8089493953, 8089493954]"
Sisteron Nord,23,44.2235550,5.9157009,2,"[290865658, 295926425]"
Péage Cluses Aval,19,46.0485595,6.5894305,2,"[290888615, 471526695]"
La Croix Chalon,9,46.1777171,5.5590084,2,"[291568677, 291568687]"
Péage Val de Saône,Péage Val de Saône,46.2953901,4.8978335,2,"[291747385, 471330156]"
Sylans,9,46.1585737,5.6483351,2,"[292356937, 292356996]"
Cholet Nord,26,47.0833658,-0.8280595,2,"[292375190, 3587014323]"
Cholet Sud,27,47.0189982,-0.8806350,2,"[292384163, 1838205657]"
Allainville,11,48.4565660,1.9083125,3,"[292944726, 292944753, 5702872167]"
Péage de Chamant,Péage de Chamant,49.2159236,2.6275844,2,"[293659568, 3364175158]"
Aubignosc,21,44.1248377,5.9814634,4,"[295992385, 440447069, 440449019, 1685070980]"
Berck,25,50.4116212,1.6900603,2,"[296335430, 296335488]"
Mussidan Est,13.1,45.0653628,0.4297875,4,"[298601377, 298601379, 512632720, 512645301]"
Abbeville Est,22,50.0998021,1.8695406,2,"[300407818, 304672214]"
Saint-Omer,3,50.7210636,2.1695223,4,"[300447375, 1241259640, 1241259672, 1241259673]"
Nîmes Centre,1,43.8074823,4.3744374,2,"[300685333, 300688079]"
Olivet,2,47.8408587,1.8693513,2,"[300994716, 314081185]"
Podensac,2,44.6075445,-0.3668195,1,[301654518]
Péage de Virsac,Péage-de-Virsac,45.0235919,-0.4354379,2,"[302010360, 387740859]"
Boulogne Sud-Isques,28,50.6739477,1.6599228,2,"[302107257, 1041312966]"
Péage d'Herquelingue,Péage d'Herquelingue,50.6887671,1.6418879,2,"[302112697, 9131185464]"
Vierzon Est,6,47.2118385,2.1184157,2,"[303191561, 369043557]"
Meung-sur-Loire,15,47.8328030,1.6690019,1,[303350369]
Abbeville Nord,23,50.1352972,1.8109083,2,"[304663622, 304664253]"
Amiens Nord,20,49.9338209,2.2436660,2,"[304673263, 427819482]"
Saint-Quentin Nord,10,49.8614425,3.2407601,2,"[304862451, 1041135056]"
Leucate,40,42.9389777,2.9730298,8,"[306479406, 1997249454, 3536200857, 3536200860, 3536200866, 3536200869, 3536200872, 3536200879]"
Amboise-Château-Renault,18,47.5428585,0.9848382,2,"[306620171, 11004965800]"
Péage de Monnaie,,47.4903389,0.8194191,2,"[306622478, 306622595]"
Saint-Quentin Sud,11,49.8123217,3.2948588,2,"[307057501, 374119298]"
Clermont-en-Argonne,29.1,49.0944409,5.1017163,2,"[307631007, 9241234240]"
Salon Ouest,13,43.6363295,5.0228102,2,"[308001966, 1456366661]"
Salon Sud,15,43.6269017,5.1065010,2,"[308079844, 308777762]"
Salon Nord,27,43.6594307,5.1025902,1,[308235934]
Pau Centre,10,43.3304237,-0.3505117,2,"[309903361, 309903362]"
Saint-Jean-d'Angély,34,45.9628699,-0.5458975,1,[309937348]
Chantonnay,6,46.6272005,-1.1544805,6,"[309941699, 802033563, 4003122683, 4003122684, 4003122685, 7227010528]"
Tournay,14,43.1774027,0.2399837,2,"[311638830, 1003948981]"
Péage du Tunnel Maurice-Lemaire,Péage du tunnel Maurice-Lemaire,48.2901107,7.1110349,2,"[313361153, 12368776755]"
Besançon Nord,4,47.2761169,5.9879716,2,"[317071039, 1373677796]"
Marolles-sur-Seine,18,48.3801783,3.0203703,2,"[317670287, 317670314]"
Manosque,18,43.8078824,5.8130284,8,"[321454405, 1059557820, 8349263329, 8349263330, 8349263331, 8349263332, 8349263333, 8349263334]"
Cahors Sud,58,44.3427348,1.4940673,1,[322846284]
Saint Pierre Belleville,2050,45.4698120,6.2871707,2,"[322869087, 2188188012]"
Forges,17,48.4213725,2.9432973,2,"[323144666, 324391958]"
Forêt-de-Tronçais,9,46.5064795,2.6303355,1,[327506022]
Vulaines,19,48.2377942,3.6012971,2,"[331203148, 828930660]"
Vallée de la Nièvre,21,50.0298021,2.0695973,2,"[331251955, 2609480516]"
Saint-Denis-lès-Sens,1,48.2369888,3.2622010,8,"[332248643, 924440768, 6134878380, 6134878383, 6134878384, 6134879085, 6134879086, 6134879090]"
Pons,36,45.5744618,-0.5956219,2,"[332272132, 431442217]"
Coutras,11,45.0120743,-0.0998393,2,"[332282171, 504619378]"
Pertuis,15,43.6617899,5.5005827,8,"[334898380, 344466809, 344466875, 1015347083, 1015347348, 1629180187, 1629180214, 1629180265]"
Lezignan,25,43.1718900,2.7411404,2,"[338974999, 6343457269]"
Sablé-La-Flèche,10,47.7755032,-0.2086032,2,"[340097997, 1716982137]"
Châtellerault Nord,26,46.8369794,0.5308220,1,[340395444]
Châtellerault Sud,27,46.7786646,0.5045200,1,[340396503]
Cassis,8,43.2259890,5.5829993,2,"[341024179, 341025952]"
Baume-les-Dames,5,47.3710062,6.3797317,2,"[341343259, 370025627]"
Besançon Ouest,3,47.2347307,5.8981115,2,"[343206372, 343206373]"
L'Union,1,43.6452356,1.4979269,2,"[343588412, 343588417]"
Survilliers-saint witz,7,49.0847945,2.5510274,2,"[344943470, 344945338]"
Parking P2,Aéroports de Paris,48.7297477,2.3617041,2,"[353766571, 353766573]"
Vieilleville,22,47.2913532,-1.4803645,2,"[357302937, 448420478]"
Sigean,39,43.0331894,2.9561957,2,"[360047943, 360047970]"
Caussade,59,44.1499330,1.5156002,2,"[366923586, 366940500]"
Lamotte-Beuvron,3,47.5817361,1.9910306,1,[370669859]
Salouel,18,49.8597729,2.2138115,1,[373481261]
Montauban,10,43.9287005,1.3143202,22,"[375649933, 1124844164, 7042778791, 7042778792, 7042778793, 7042778794, 7042778795, 7042778796, 7042778797, 7042778798, 7042778799, 7042778800, 7042778801, 7042778802, 7042778803, 7042778804, 7042778805, 7042778806, 7042778807, 7042778808, 7042778809, 7042778810]"
Cahors Nord,57,44.5323371,1.5063224,2,"[387693502, 387693540]"
Saint-Romain,6,49.5512109,0.3378348,4,"[393881364, 720736848, 1859988322, 1859988323]"
Soumoulou,11,43.2725542,-0.1999122,2,"[401513183, 401513184]"
Tarbes Ouest,12,43.2207482,0.0236651,2,"[401829376, 402871346]"
Orthez,8,43.4671974,-0.7486871,2,"[401910583, 401910597]"
Saint-Martin-du-Fresne,8,46.1324281,5.5415206,1,[410246295]
Capvern,15,43.1033454,0.3427227,2,"[410388997, 457896791]"
Choisey,6,47.0646274,5.4468518,2,"[410642970, 410650377]"
Chaumont-Semoutiers,24,48.0428105,5.0592698,2,"[412553203, 540556952]"
Puttelange,40,49.0690602,6.9185464,4,"[418250959, 418250961, 4368543870, 4368543880]"
Saint-Michel-Echangeur,054,45.2184955,6.4589478,3,"[423739665, 5923855965, 5923855968]"
Péage d'Arles,Péage d'Arles,43.6903420,4.5446514,2,"[423746542, 1652042833]"
Peyrehorade,6,43.5170174,-1.1037370,2,"[428642826, 428642848]"
Villers-Bretonneux,52,49.8546947,2.5225454,2,"[431586530, 431586544]"
Manzat,27,45.9539605,2.9826574,5,"[432436227, 9291141569, 9291141572, 9291141575, 9291141583]"
La Brillanne,19,43.9239336,5.8937932,2,"[439211885, 439211886]"
Peyruis,20,44.0392072,5.9634852,5,"[439211891, 442744016, 8130099834, 8130099844, 8130099848]"
Libourne Nord,10,44.9570612,-0.2451243,2,"[442086723, 1474506894]"
La Bachellerie,17,45.1480869,1.1747099,2,"[444247986, 445832829]"
Pont-Sainte-Maxence,9,49.3207318,2.6947754,2,"[447081125, 447081126]"
Mer,16,47.7285632,1.5086201,1,[448438837]
La Verrie,28,46.9446866,-0.9766132,2,"[449598015, 806378596]"
Aiguillon,6,44.2845338,0.2699371,2,"[453443789, 1449746827]"
Fontainebleau,15,48.2896884,2.6832481,2,"[456955619, 650926914]"
Lannemezan,16,43.0978160,0.3903233,2,"[457896763, 2976483382]"
Montpon-Ménestérol,12,44.9859243,0.1562632,2,"[458731540, 1474599102]"
Maresché,21,48.1967147,0.1688051,2,"[458735332, 1042813884]"
Rouessé-Fontaine,20,48.3115400,0.1335365,2,"[458735366, 2476554633]"
Valence-d'Agen,8,44.0641414,0.8665624,2,"[458881141, 1451681686]"
Poitiers Sud,30,46.5489824,0.2892931,2,"[459173225, 3634658165]"
Escrennes,8,48.1163900,2.1911176,2,"[461625472, 3736753049]"
Capbreton,8,43.6305539,-1.3947363,3,"[465501470, 2406629234, 5964525403]"
Péage de Bénesse-Maremne,Péage de Bénesse-Maremne,43.6240583,-1.4005755,2,"[465501472, 1778176309]"
Feillens,2,46.3288346,4.8824112,1,[469060027]
Bernay,14,49.1376884,0.5780951,1,[469982848]
Crottet,Crottet,46.2867138,4.8701066,2,"[471322064, 471322065]"
Péage Cluses Centre,19,46.0468374,6.5965444,2,"[471526841, 3891076371]"
Montabon,26,47.6860846,0.3714066,1,[472444139]
Béthune,6,50.5140434,2.6176956,2,"[481373537, 481373539]"
Puget Ville,10,43.2578354,6.1227081,2,"[482798587, 482798707]"
Bandol,12,43.1454241,5.7702277,4,"[486041180, 486041183, 1790064491, 7476837414]"
Mirambeau,37,45.3777000,-0.5796224,2,"[494910454, 494910456]"
Thennelières,23,48.2893420,4.1629475,2,"[502976800, 1049830277]"
Ville-sous-la-Ferté,23,48.1149682,4.7855547,1,[511062430]
Grans,14,43.6229698,5.0835304,2,"[511439486, 1668541932]"
Lillers,5,50.5530576,2.4629357,2,"[532177764, 8951761706]"
Le Cannet-des-Maures,13,43.3934953,6.3522179,2,"[534931451, 1680929295]"
Thiers Ouest,29,45.8599682,3.5037813,2,"[560799932, 4422919071]"
Neufchatel-Hardelot,27,50.6112128,1.6498107,2,"[563328105, 1432280813]"
Salbris,4,47.4185485,2.0256650,2,"[578797805, 578799574]"
Montigny-le-Roi,8,47.9973720,5.5118949,2,"[586530226, 1054665949]"
4 Temps,Indigo,48.8916405,2.2337646,1,[596743741]
Porte de Paray-Vieille-Poste,,48.7553061,2.3622222,1,[600113680]
Martel,54,44.9933565,1.5314244,2,"[600154188, 856420518]"
Porte de Rungis,,48.7527863,2.3545868,1,[600203475]
Saint-Julien-Montdenis,053,45.2522248,6.3967649,2,"[601623780, 1102545284]"
Beautot,Beautot,49.6353577,1.0506526,2,"[603286199, 705472696]"
Soirans,5,47.2053403,5.3050035,1,[609200151]
Dole,2,47.1360589,5.5062258,2,"[609217653, 609218048]"
Montgiscard,19.1,43.4608882,1.5883118,1,[612786095]
Robecourt,8.1,48.1460604,5.6874369,4,"[613525527, 613525538, 659768198, 659768209]"
Péage de Montreuil-aux-Lions,19,49.0096803,3.1456152,3,"[635884768, 635884770, 5702872138]"
Saint Michel Echangeur,054,45.2190631,6.4592127,2,"[641831295, 5923855974]"
Nemours,16,48.2695319,2.7133800,2,"[649150142, 649587072]"
Saint-Maximin,34,43.4493429,5.8771201,2,"[661810865, 661810866]"
Saint-Aubin-de-Blaye,38,45.2543461,-0.5478033,1,[665051348]
Porte Verte,,48.8354884,2.1851491,1,[666485450]
Vouillé,32,46.3074932,-0.3663971,2,"[672506884, 801745089]"
Charmont-sous-Barbuise,22,48.4103294,4.1438377,2,"[673351722, 3050827007]"
Saint-Germain-Laxis,15,48.5880155,2.7247238,2,"[690686570, 1477388127]"
Nécy,Nécy,48.8199247,-0.1324825,4,"[692840226, 836215726, 943682035, 943682046]"
La Thibaudière - Joue lès Tours,24,47.3307132,0.6876661,2,"[697445200, 3618522316]"
Roye,12,49.7056350,2.7690267,5,"[700985577, 700987531, 2107723026, 2107723040, 2107723163]"
Saint-Germain-Laval,32,45.8609213,4.0420209,1,[703160692]
Ussel Ouest,23,45.5124063,2.2588909,2,"[705563120, 4422912952]"
Durtal,11,47.6678426,-0.2596964,2,"[718696359, 718697029]"
Péage de la Côtière,Péage de la Côtière,45.8342800,5.0314003,3,"[727671128, 1190068311, 2596549075]"
Beaupont,10,46.4409805,5.2698552,2,"[727755213, 2833842348]"
Niort Est,11,46.3552904,-0.3311880,6,"[735016190, 3999405516, 3999405520, 3999405523, 3999405525, 3999405529]"
Laon,13,49.6077489,3.6610058,2,"[747145320, 1041090254]"
Brignoles,35,43.4191460,6.0649939,2,"[751967582, 761835083]"
Sarre-Union,42,48.9138936,7.1244262,4,"[768541481, 768541482, 9738141241, 9738141248]"
La Boisse-Montuel,5.1,45.8407595,5.0469894,2,"[773072337, 773072342]"
Seynod Sud,3020,45.8459699,6.0578384,2,"[773491363, 773491371]"
Narbonne Sud,38,43.1645016,2.9901729,2,"[778662845, 778662954]"
Les Herbiers,29,46.9020192,-1.0467720,2,"[807894118, 807894416]"
Auxerre Sud,20,47.7967621,3.6528479,1,[811337384]
Besançon Est,4.1,47.3323071,6.1512694,2,"[814664691, 814664757]"
Cambrai Ouest,14,50.1756449,3.1927181,3,"[826152705, 1571610783, 1626004708]"
Nitry,21,47.6591113,3.8795829,2,"[828809344, 1098856873]"
Magnant,22,48.1791079,4.4406086,2,"[828894371, 1665577393]"
Til-Châtel,5,47.5387434,5.1947119,2,"[839038429, 6017249052]"
Copponex,15019,46.0500633,6.0809340,2,"[848265449, 872150533]"
Salies,7,43.5098572,-0.9218215,2,"[850197729, 1042852216]"
Sommesous,20,48.7298276,4.2292654,2,"[865277253, 865277258]"
Guignicourt,14,49.4269975,3.9280870,2,"[882099674, 1519807832]"
Saint-Maixent-Soudan,31,46.4255262,-0.0821627,2,"[883346500, 883347456]"
Sainte-Maure,25,47.1072866,0.5876617,1,[894516551]
Villeneuve-Loubet Plage,46,43.6432131,7.1340481,1,[894766985]
Niort Nord,10,46.4193233,-0.3969591,4,"[901258167, 4001139231, 4001139234, 4001139239]"
Egletons,22,45.4073918,2.0211932,1,[921929655]
La Fère,12,49.6872595,3.4653283,2,"[926794469, 1519182855]"
Dijon-Arc-sur-Tille,4,47.3446742,5.1593268,2,"[934821090, 934821205]"
Yerville,9,49.6477221,0.8427548,2,"[938406584, 938406621]"
Ussel Est,24,45.5889363,2.4145518,2,"[944248712, 944248772]"
Farbersviller,39,49.1088165,6.8548242,2,"[957566516, 2279783517]"
Bolbec,7,49.5814117,0.4430307,2,"[984859296, 984859299]"
Thèze,9,43.4713749,-0.3210547,1,[986537073]
Saint-Genis,4,46.2722265,5.0158394,2,"[987093311, 987094003]"
Poix-de-Picardie,13,49.8085369,1.9687477,2,"[988049756, 4681594641]"
Mazères-Saverdun,2,43.2344401,1.6360077,2,"[991655074, 991655139]"
Nîmes Garons,2,43.7613070,4.4274639,2,"[1013965167, 1651976773]"
Ondres,7,43.5415617,-1.4355904,2,"[1033354786, 1033354788]"
Seurre,1,47.0293728,5.1702888,2,"[1034029729, 1034029730]"
Gacé,16,48.7743550,0.3062189,4,"[1042826699, 1042826707, 3248212729, 3250854437]"
Chatenois,10,48.2994713,5.8529366,1,[1054617575]
Carnoules,11,43.2934498,6.2004747,3,"[1064448301, 7258015900, 7258015905]"
Captieux,2,44.2860318,-0.2280667,1,[1091772679]
Aire-sur-l'Adour Nord,6,43.7221639,-0.2707856,2,"[1092685933, 1285330579]"
Lescar,9.1,43.3452483,-0.4188068,1,[1105868116]
Tonnay-Charente,33,45.9550146,-0.8811779,2,"[1116803661, 1116803670]"
Beauvais Nord,15,49.4336723,2.1261477,2,"[1121574488, 1121574741]"
Tulle Nord,20,45.3290189,1.7639661,1,[1125653080]
Aire-sur-l'Adour Sud,7,43.6645842,-0.2766787,2,"[1143005916, 10977936133]"
La Turbie,57,43.7438235,7.3782106,4,"[1171129525, 1258445184, 1258445220, 1258445242]"
Bazas,1,44.4452449,-0.2423002,2,"[1195217379, 1195217501]"
Masnières,9,50.0686130,3.1724114,2,"[1200490953, 1517753229]"
Tarare-Ouest,34,45.8916265,4.4031281,2,"[1204177181, 5203028269]"
Mont-de-Marsan,4,43.9469871,-0.3939240,1,[1246344270]
Saint-Hilaire-les-Andrésis,4,48.0368366,3.0225587,2,"[1264038008, 1810705536]"
Brionne,13,49.2420686,0.7724971,1,[1265561526]
Vallée de la Hem,Vallée de la Hem,50.8203691,2.0627049,2,"[1269035686, 1269035757]"
Alençon Sud,19,48.3978618,0.1046972,2,"[1274932342, 1274932724]"
Saint-Saens,10,49.6468549,1.2426517,2,"[1289586777, 1289587312]"
Viriat,6,46.2357293,5.2734836,2,"[1330238093, 1330238094]"
Fontenay Ouest,7.1,46.4646302,-0.8767346,5,"[1335678463, 2241159339, 4001244342, 4001244343, 4001244344]"
Fontenay-sur-Loing,5,48.0641618,2.7670794,2,"[1339371506, 4332104483]"
Vatry,19,48.7676355,4.2399554,2,"[1344207311, 1344207363]"
Balbigny,33,45.8411009,4.1641534,2,"[1366555922, 1373820400]"
Bayonne Sud,5,43.4622534,-1.4984754,2,"[1371313435, 1371313436]"
Péage de La Négresse,Péage de La Négresse,43.4491731,-1.5537438,3,"[1371313449, 1371313451, 1371313452]"
Cambrai - Marquion,8,50.2025031,3.1069730,2,"[1371703167, 1371703269]"
Arras Nord,7,50.3451135,2.7875823,2,"[1371770814, 1409048067]"
Pérouges,7,45.8607917,5.1812783,2,"[1374640112, 1374640131]"
Beaupreau-saint-germain,19,47.4317189,-0.8163578,2,"[1375334829, 1375334831]"
Château-Thierry,20,49.0784022,3.3987808,2,"[1382180500, 1382180508]"
Fresnes-en-Woevre,32,49.1291065,5.6212762,2,"[1387739267, 3921619586]"
Péage des Eprunes,Péage des Eprunes,48.5891526,2.6570500,2,"[1389350279, 1389350280]"
Hochfelden,45,48.7697298,7.6014901,4,"[1391610490, 2378835401, 4802326993, 7565269942]"
Porte du Delta,,48.7590520,2.3428626,1,[1398749477]
Tarare Est-système-ouvert,35,45.8763081,4.5220540,2,"[1400972216, 1707784060]"
Saint-Aignan-sur-Cher,12,47.3065782,1.3531066,2,"[1405976152, 1405976248]"
Langres Sud,6,47.7923617,5.2262935,2,"[1419329118, 1419329124]"
Plateau,2,49.3919027,0.2508982,2,"[1430086827, 1430086859]"
Péage de Reims Ouest,22,49.2496005,3.9558387,2,"[1433077455, 1520347094]"
La neuvillette,15,49.2978995,3.9979118,2,"[1445378851, 1445378921]"
Eurocentre,10.1,43.7649417,1.3805023,9,"[1452208046, 1452208143, 4349032318, 4349032319, 4471741927, 4471741928, 4471741929, 4471741930, 4471741966]"
Saint-Jory,11,43.7183094,1.3981013,2,"[1452229755, 1452229766]"
Salon nord,27,43.6892359,5.0957518,1,[1457800884]
Saint-Jean_de_Linières,18,47.4665473,-0.6860373,2,"[1465598768, 1465598784]"
Péage de Gye,Péage de Gye,48.6297148,5.8833117,2,"[1482474156, 1482474157]"
Pont de Normandie,Pont de Normandie,49.4500082,0.2715475,2,"[1498503669, 1498503670]"
Les Adrets,39,43.5449754,6.8117075,2,"[1503176309, 1503176342]"
Liévin,6.2,50.4377971,2.7071936,2,"[1513763776, 1513763927]"
Péage de Reims Nord ,Péage de Reims Nord ,49.2462360,3.9622758,2,"[1520347089, 1520347114]"
Compiègne Ouest,10,49.3989901,2.6991568,2,"[1521075220, 4365283548]"
Villefranche-de-Lauragais,20,43.3985865,1.6962059,1,[1551709832]
Mionnay,Mionnay,45.8830430,4.8989851,2,"[1562494772, 9462556154]"
Roquefort,3,44.0449100,-0.3432550,2,"[1564463968, 7120103697]"
Jarny,33,49.1999154,5.9016705,1,[1575874809]
Saint-Etienne-au-Temple,28,49.0334402,4.4358734,2,"[1575874810, 1575874813]"
Voie-Sacrée,30,49.0938355,5.2784389,2,"[1575874816, 5636803321]"
Beaurepaire,8,46.6664307,5.4189821,2,"[1581498325, 2199932050]"
Saint-Avold,37,49.1360544,6.7129059,2,"[1584068033, 1584068039]"
Péage de Béziers-Cabrials,Péage de Béziers-Cabrials,43.3438596,3.2875375,2,"[1588137485, 1588137486]"
Péage de la Boisse,Péage de la Boisse,45.8270498,5.0314618,1,[1589996095]
Yvetot,Yvetot,49.6273870,0.8062109,2,"[1604117575, 1604117578]"
Garlin,8,43.5652949,-0.2926501,2,"[1618060722, 4690491293]"
Auxy,7,48.0853357,2.4727593,2,"[1651430004, 1651430019]"
Narbonne Est,37,43.1790939,3.0348258,2,"[1669974371, 1669974392]"
Remoulins,23,43.9373087,4.5983631,2,"[1672388768, 1672388771]"
Péage de Nangy,Péage de Nangy,46.1529961,6.2950940,2,"[1673842702, 1673842705]"
Roquemaure,22,44.0256301,4.7353923,2,"[1674020827, 1674020828]"
Béziers Ouest,36,43.3045630,3.2190641,2,"[1676618836, 1676618837]"
La-Ferté-Bernard,5,48.1499662,0.6872078,4,"[1679523552, 1679523744, 1679528040, 3815563832]"
Athies,54,49.8385150,2.9907942,2,"[1684777150, 1684777167]"
Chalon Centre,25.2,46.8025546,4.8299040,8,"[1693318417, 1693318419, 2385615588, 2385615592, 2385615595, 2385615599, 2385615601, 9713436538]"
Vallée-de-l'Aube,21,48.5254684,4.1855778,2,"[1695359055, 1695359059]"
Laghet,57,43.7454513,7.3785683,2,"[1702349430, 2193692586]"
Péage de Saint-Romain-de-Popey,Péage de Saint-Romain-de-Popey,45.8719396,4.5088342,2,"[1707787330, 4422924493]"
Mâcon centre,1,46.3401042,4.8472814,3,"[1732420087, 1732420093, 1739757654]"
Le Boulou,43,42.5237027,2.8173684,1,[1742991342]
Péage de Cabariot,Péage-de-Cabariot,45.9439955,-0.8491667,2,"[1767279376, 1767279383]"
Péage de Saint-Martin-de-Crau,Péage de Saint-Martin-de-Crau,43.6379262,4.8578292,2,"[1796885587, 1825203802]"
Savigny-sur-Clairis,3,48.0559454,3.0880896,2,"[1820927791, 1820927832]"
Beauvais Centre,14,49.4014624,2.1226613,3,"[1824875347, 4365381373, 5522482829]"
Péage tunnel du mont blanc,Péage tunnel du mont blanc,45.9010241,6.8607198,4,"[1828796311, 3306254809, 3306254832, 3306254839]"
Dormans,21,49.1537510,3.7169903,2,"[1830159108, 1830159112]"
Ressons,11,49.5217342,2.7157532,2,"[1877499832, 1877499843]"
Castets,12,43.8351986,-1.1803791,2,"[1883466243, 2298600340]"
Péage de Veigné,Péage de Veigné,47.3120032,0.7352858,2,"[1911871879, 1911871885]"
Péage de Reims Sud,23,49.2051715,4.0065175,2,"[1927899111, 1927899628]"
Beaufort-en-Vallée,1,47.4681192,-0.1935225,4,"[1967477056, 1967477187, 1967477208, 1967477478]"
Longué-Jumelles,2,47.4045141,-0.1159748,4,"[1967766750, 1967766760, 1967766768, 1967766796]"
Le-Boulou,43,42.5236628,2.8176651,3,"[1987610456, 1987610457, 1987610458]"
Péage viaduc de Millau,Péage viaduc de Millau,44.1341368,3.0255599,2,"[2032423306, 2032423307]"
Gare TGV,53,49.8555480,2.8307399,2,"[2106685427, 2106685535]"
Bram,22,43.2389340,2.0999074,2,"[2144776681, 2442483773]"
Bellegarde,10,46.1160243,5.7950080,2,"[2150890046, 2150890048]"
La Tour-du-Pin Est,3072,45.5571846,5.4628749,2,"[2166249271, 2166249288]"
Pont d'Espagne,,42.8532497,-0.1334196,1,[2231818712]
Artix,9,43.3950598,-0.5511787,2,"[2267204259, 2267204261]"
Saugnac et Muret,18,44.3470381,-0.8602907,2,"[2298686720, 2298686721]"
SCI - Marie de Sormiou,,43.2119709,5.4178130,1,[2371303331]
Perpignan Nord,41,42.7817287,2.8973351,2,"[2398039583, 2398039585]"
Moirans Nord,3083,45.3234894,5.6028346,2,"[2407621699, 3177528677]"
Nœux-les-Mines,6.1,50.4868903,2.6840046,2,"[2407630266, 7368385795]"
Péage de Villefranche-Limas,Péage de Villefranche-Limas,45.9732236,4.7324254,2,"[2408730593, 2408730611]"
Combronde,12.1,45.9960339,3.1046691,4,"[2441958671, 2441958683, 6289699841, 6311518304]"
Sées Nord,17,48.6381384,0.1849576,1,[2508168358]
Gendrey,2.1,47.1835108,5.7088685,2,"[2561189904, 2561189908]"
Ollioules,12.1,43.1252748,5.8259412,2,"[2624404947, 2624404948]"
La Folie Bessin-Dourdan,10,48.5696351,1.9902419,2,"[2814507717, 2814507720]"
Villefontaine,3062,45.6284645,5.1644734,2,"[2993275543, 2993283810]"
La Roche-sur-Yon,La Roche-sur-Yon,46.6725704,-1.3459591,2,"[3025678480, 3025678481]"
Télépéage,,45.7893029,4.8662147,3,"[3077723976, 3726665707, 7551873718]"
Saint-Thibault,21,48.2233891,4.1297359,2,"[3089029407, 3089029424]"
Bonneville Est,17,46.0701586,6.4245324,2,"[3106373488, 3106373489]"
Villeneuve-Dondagre,2,48.1496404,3.1713746,2,"[3296768915, 3296768950]"
Ablis,1,48.5288128,1.8324339,2,"[3321275857, 3321280179]"
Quincieux Barrière,Quincieux Barrière,45.9079069,4.7382319,2,"[3635137012, 3635145303]"
Péage d'entrée du lac coté plage,,46.0111274,4.3749276,2,"[3719911155, 3719911195]"
Orange Nord,20,44.1827577,4.7523129,1,[3903207118]
Aigrefeuille,3,47.0692661,-1.4374016,2,"[3903235081, 4088640522]"
Tulle Est,21,45.3181188,1.8503589,2,"[3922204754, 3922204755]"
Péage de Thénon,Péage-de-Thénon,45.1513597,1.1675897,4,"[3922783426, 3922783427, 3922783428, 3922783429]"
Niort Ouest,9,46.3878963,-0.6478799,5,"[4001140435, 4001140450, 4001140454, 4001140460, 4001140464]"
Parc PX,,49.0107553,2.5752133,1,[4163758882]
Tunnel de Fréjus,Tunnel de Frejus,45.1943776,6.6741662,6,"[4172775770, 4172777904, 6055372413, 6055372416, 6055372419, 6055372423]"
Pas de Trets,33.1,43.3868290,5.6007516,3,"[4185172631, 4185187889, 4185187890]"
Torvilliers,20,48.2844446,3.9659530,2,"[4189960633, 4189960634]"
Vulcania-Bromont,26,45.8339019,2.8226170,1,[4255789073]
Montluçon,Montluçon,46.3964311,2.7112613,2,"[4330970608, 4330970609]"
Péage de La Côtière,Péage de La Côtière,45.8274011,5.0320457,1,[4377741638]
Annecy Nord,3013,45.9388473,6.1169789,10,"[4384995460, 4384995461, 4384995462, 4560499238, 5141229545, 5141229547, 5141229549, 5141229701, 7923473432, 7923473433]"
Montreuil-aux-Lions,19,49.0132565,3.1552689,4,"[4390079353, 4390079354, 4390079355, 4390079356]"
Cruseilles Est-Ouest,3016,45.9971625,6.1256171,2,"[4393680580, 4393680581]"
Essertaux,17,49.7397628,2.2288393,2,"[4415568288, 4415569389]"
Arlay,7.1,46.7778289,5.5185989,1,[4415773260]
Le Miroir,9,46.5474715,5.3265684,2,"[4415774336, 4415774337]"
Chemillé,25,47.2359369,-0.7276426,1,[4422613638]
Tarare-Est-système-fermé,35,45.8719026,4.5088503,2,"[4422924492, 4422924495]"
Feurs,6,45.7375962,4.1862842,2,"[4422927258, 4422927259]"
Saint-Martin-du-Frêne,8,46.1324361,5.5416454,1,[4423457000]
Cruseilles,15017,45.9933537,6.1281095,2,"[4423745204, 4423745205]"
Gondreville,6,48.0607779,2.6676442,6,"[4434463567, 4434463568, 4434463569, 4434463570, 6392046370, 6392046377]"
Neuillé pont pierre,27,47.5554482,0.5957090,2,"[4464577863, 4464577864]"
Vaiges,2,48.0555468,-0.4872759,4,"[4690430236, 4690430237, 8394571417, 8394571418]"
Gare de Péage du Pont de Tancarville,,49.4636322,0.4739779,2,"[4721310697, 4721310722]"
Illiers-Combray,3.1,48.2944160,1.2702437,2,"[4850810028, 4850810029]"
Vichy,Vichy,46.1384815,3.3513550,2,"[4851705508, 4851705509]"
Péage,,44.0340402,5.0415373,1,[4914991639]
Porte de Thiais,,48.7595922,2.3643501,3,"[5249922938, 11522784744, 12025314875]"
Rumilly,3011,45.8158454,6.0069030,2,"[5897323503, 5897323504]"
Villon,,48.8879341,2.2418438,2,"[5999709162, 5999709163]"
Parking de la Mairie,,48.9105155,2.2881117,1,[6052569575]
Tours centre-cande,Tours centre-cande,47.3036812,0.6883244,2,"[6168514563, 6168514564]"
Colombey-les-Belles,11,48.5406483,5.9089246,2,"[6283553420, 6283553421]"
Riom,13,45.8955545,3.1481729,2,"[6306677688, 6306677694]"
Guiche,5,43.5123235,-1.2230649,2,"[6367151903, 6367151904]"
Aix Sud,3009,45.6536260,5.9216532,5,"[6367206763, 6367206764, 6367206765, 6367206766, 6367206767]"
Thouarcé,24,47.3295057,-0.5963520,1,[6367778328]
Annecy Centre,3012,45.8979211,6.0925664,9,"[6484553454, 6484553462, 7923639031, 7923639037, 7923639073, 7923639074, 7923639075, 7923639076, 7923639077]"
Barrière de péage d'Ittenheim,,48.6000091,7.6193453,4,"[6576722978, 6838794070, 6838799409, 6838799446]"
Villefranche Ville,31.2,45.9768763,4.7347339,5,"[7623043929, 7623043930, 7623043933, 7623043934, 12463829779]"
Connerré,6,48.0753760,0.4793078,2,"[8631627001, 8631733684]"
Gare de péage de Biarritz,,43.4504664,-1.5544554,1,[8897755575]
Cagnes Est,48,43.6592536,7.1486145,2,"[9317660273, 9317660274]"
Belcodène,33,43.4178653,5.5752901,2,"[9425016399, 10718693103]"
Poitiers nord,29,46.6213656,0.3439480,1,[9975149049]
Auxerre-Sud,20,47.7968476,3.6529426,1,[10016778714]
Deux-Chaises,APRR,46.3703031,3.0276811,2,"[10601205061, 10601205062]"
Saran-Gidy,13.1,47.9670494,1.8515589,2,"[11380222931, 11380222932]"
Chalon Nord,APRR,46.8304241,4.8317434,2,"[12171437315, 12171437316]"
